{"W": {"_type": "histogram", "values": [1, 2, 10, 20, 64, 100, 191, 232, 299, 333, 294, 223, 174, 106, 68, 39, 10, 9, 7, 9, 12, 12, 15, 20, 15, 20, 8, 5, 3, 2, 0, 1], "bins": [-3.489234447479248, -3.1256139278411865, -2.761993408203125, -2.3983731269836426, -2.034752607345581, -1.6711320877075195, -1.307511568069458, -0.9438911080360413, -0.5802706480026245, -0.21665017306804657, 0.14697030186653137, 0.5105907917022705, 0.8742112517356873, 1.237831711769104, 1.6014522314071655, 1.9650726318359375, 2.328693151473999, 2.6923136711120605, 3.055934190750122, 3.4195544719696045, 3.783174991607666, 4.146795749664307, 4.510416030883789, 4.8740363121032715, 5.237657070159912, 5.6012773513793945, 5.964898109436035, 6.328518390655518, 6.692138671875, 7.055759429931641, 7.419379711151123, 7.783000469207764, 8.146620750427246]}, "xhat0": {"_type": "histogram", "values": [15, 21, 13, 20, 72, 58, 50, 23, 23, 29, 23, 24, 45, 65, 43, 18, 19, 16, 14, 16, 48, 79, 37, 25, 63, 57, 26, 21, 11, 15, 17, 18], "bins": [-0.05718051642179489, -0.05351877585053444, -0.04985703527927399, -0.046195294708013535, -0.04253355413675308, -0.03887181356549263, -0.03521007299423218, -0.031548332422971725, -0.027886591851711273, -0.02422485128045082, -0.02056311070919037, -0.016901370137929916, -0.013239629566669464, -0.009577888995409012, -0.00591614842414856, -0.0022544078528881073, 0.001407332718372345, 0.005069073289632797, 0.00873081386089325, 0.012392554432153702, 0.016054295003414154, 0.019716035574674606, 0.02337777614593506, 0.02703951671719551, 0.030701257288455963, 0.034362997859716415, 0.03802473843097687, 0.04168647900223732, 0.04534821957349777, 0.049009960144758224, 0.05267170071601868, 0.05633344128727913, 0.05999518185853958]}, "xhatvar": {"_type": "histogram", "values": [60, 53, 62, 81, 126, 116, 248, 154, 42, 21, 12, 10, 8, 3, 1, 9, 4, 4, 3, 1, 1, 2, 0, 0, 0, 0, 0, 1, 1, 0, 0, 1], "bins": [0.013589106500148773, 0.016078924760222435, 0.018568741157650948, 0.02105855941772461, 0.023548375815153122, 0.026038194075226784, 0.028528012335300446, 0.031017828732728958, 0.03350764513015747, 0.03599746525287628, 0.038487281650304794, 0.04097709804773331, 0.04346691817045212, 0.04595673456788063, 0.04844655096530914, 0.050936371088027954, 0.05342618748545647, 0.05591600388288498, 0.05840582400560379, 0.0608956404030323, 0.06338545680046082, 0.06587527692317963, 0.06836508959531784, 0.07085490971803665, 0.07334472984075546, 0.07583454251289368, 0.07832436263561249, 0.0808141827583313, 0.08330399543046951, 0.08579381555318832, 0.08828363567590714, 0.09077344834804535, 0.09326326847076416]}, "_timestamp": 1708439125.2776134, "_runtime": 151.37161231040955, "_step": 833, "L1": {"_type": "histogram", "values": [8, 9, 3, 3, 0, 2, 1, 3, 1, 1, 0, 1, 2, 0, 3, 1, 1, 1, 2, 2, 3, 3, 2, 0, 0, 3, 1, 1, 0, 4, 2, 1], "bins": [0.04673653468489647, 0.21033421158790588, 0.373931884765625, 0.5375295877456665, 0.7011272311210632, 0.8647249341011047, 1.0283225774765015, 1.191920280456543, 1.3555179834365845, 1.519115686416626, 1.682713270187378, 1.8463109731674194, 2.009908676147461, 2.173506259918213, 2.337104082107544, 2.500701665878296, 2.664299488067627, 2.827897071838379, 2.991494655609131, 3.155092477798462, 3.318690061569214, 3.482287883758545, 3.645885467529297, 3.809483051300049, 3.97308087348938, 4.136678695678711, 4.300276279449463, 4.463873863220215, 4.627471446990967, 4.791069030761719, 4.954667091369629, 5.118264675140381, 5.281862258911133]}, "L2": {"_type": "histogram", "values": [29, 16, 6, 6, 1, 2, 0, 0, 1, 0, 0, 0, 0, 1, 0, 1, 0, 0, 0, 0, 0, 0, 0, 0, 0, 0, 0, 0, 0, 0, 0, 1], "bins": [0.09303092956542969, 0.4368401765823364, 0.7806494235992432, 1.12445867061615, 1.4682679176330566, 1.8120771646499634, 2.15588641166687, 2.4996957778930664, 2.8435049057006836, 3.187314033508301, 3.531123399734497, 3.8749327659606934, 4.2187418937683105, 4.562551021575928, 4.906360626220703, 5.25016975402832, 5.5939788818359375, 5.937788009643555, 6.281597137451172, 6.625406742095947, 6.9692158699035645, 7.313024997711182, 7.656834602355957, 8.000643730163574, 8.344452857971191, 8.688261985778809, 9.032071113586426, 9.375880241394043, 9.719690322875977, 10.063499450683594, 10.407308578491211, 10.751117706298828, 11.094926834106445]}, "L3": {"_type": "histogram", "values": [5, 3, 1, 8, 1, 1, 3, 2, 1, 2, 2, 0, 2, 2, 4, 1, 2, 2, 0, 3, 3, 1, 6, 2, 0, 1, 0, 2, 1, 1, 0, 2], "bins": [4.2130126953125, 5.192798614501953, 6.172584533691406, 7.152370929718018, 8.132156372070312, 9.111943244934082, 10.091729164123535, 11.071515083312988, 12.051301002502441, 13.031086921691895, 14.010872840881348, 14.9906587600708, 15.97044563293457, 16.950231552124023, 17.930017471313477, 18.90980339050293, 19.889589309692383, 20.869375228881836, 21.84916114807129, 22.828947067260742, 23.808732986450195, 24.78851890563965, 25.7683048248291, 26.748090744018555, 27.72787857055664, 28.707664489746094, 29.687450408935547, 30.667236328125, 31.647022247314453, 32.626808166503906, 33.60659408569336, 34.58638000488281, 35.566165924072266]}, "L4": 0, "L5": 0, "train_Loss": 1296.086181640625}