{"W": {"_type": "histogram", "values": [1, 0, 4, 0, 15, 24, 60, 97, 164, 262, 302, 313, 298, 258, 175, 88, 68, 38, 9, 3, 3, 5, 8, 11, 15, 24, 16, 16, 11, 10, 3, 3], "bins": [-4.339351654052734, -3.967068672180176, -3.594785690307617, -3.2225027084350586, -2.8502197265625, -2.4779365062713623, -2.1056535243988037, -1.7333705425262451, -1.3610875606536865, -0.9888045787811279, -0.6165215373039246, -0.24423852562904358, 0.1280444860458374, 0.500327467918396, 0.8726105093955994, 1.2448935508728027, 1.6171765327453613, 1.98945951461792, 2.3617424964904785, 2.734025478363037, 3.1063084602355957, 3.4785916805267334, 3.850874662399292, 4.2231574058532715, 4.595440864562988, 4.967723846435547, 5.3400068283081055, 5.712289810180664, 6.084572792053223, 6.456855773925781, 6.82913875579834, 7.201421737670898, 7.573704719543457]}, "xhat0": {"_type": "histogram", "values": [55, 25, 41, 41, 42, 40, 26, 66, 40, 30, 26, 19, 20, 21, 23, 19, 18, 20, 24, 23, 18, 25, 16, 29, 31, 33, 33, 42, 35, 67, 42, 34], "bins": [-0.04795075207948685, -0.04490400478243828, -0.04185725748538971, -0.03881050646305084, -0.035763759166002274, -0.032717011868953705, -0.029670262709259987, -0.02662351354956627, -0.0235767662525177, -0.02053001895546913, -0.017483269795775414, -0.01443652156740427, -0.011389773339033127, -0.008343025110661983, -0.00529627688229084, -0.002249528653919697, 0.0007972195744514465, 0.00384396780282259, 0.006890716031193733, 0.009937464259564877, 0.01298421248793602, 0.01603095978498459, 0.019077708944678307, 0.022124458104372025, 0.025171205401420593, 0.028217952698469162, 0.03126469999551773, 0.0343114510178566, 0.03735819831490517, 0.040404945611953735, 0.0434516966342926, 0.04649844393134117, 0.04954519122838974]}, "xhatvar": {"_type": "histogram", "values": [36, 96, 214, 250, 292, 101, 14, 8, 3, 2, 0, 1, 0, 0, 2, 1, 0, 0, 0, 0, 0, 0, 0, 0, 0, 0, 0, 2, 0, 1, 0, 1], "bins": [0.014198719523847103, 0.017863690853118896, 0.021528661251068115, 0.025193631649017334, 0.028858602046966553, 0.03252357244491577, 0.03618854284286499, 0.03985351324081421, 0.04351848363876343, 0.047183454036712646, 0.050848424434661865, 0.054513394832611084, 0.0581783652305603, 0.06184333562850952, 0.06550830602645874, 0.06917327642440796, 0.07283824682235718, 0.0765032172203064, 0.08016818761825562, 0.08383315801620483, 0.08749812841415405, 0.09116309881210327, 0.09482806921005249, 0.09849303960800171, 0.10215801000595093, 0.10582298040390015, 0.10948795080184937, 0.11315292119979858, 0.1168178915977478, 0.12048286199569702, 0.12414783239364624, 0.12781280279159546, 0.13147777318954468]}, "_timestamp": 1708439701.2953444, "_runtime": 727.3893432617188, "_step": 4117, "L1": {"_type": "histogram", "values": [30, 5, 1, 7, 3, 2, 2, 2, 0, 3, 1, 1, 1, 1, 0, 0, 1, 0, 0, 0, 1, 0, 0, 1, 0, 0, 1, 0, 0, 0, 0, 1], "bins": [0.06200779974460602, 0.34498560428619385, 0.6279633641242981, 0.9109411835670471, 1.1939189434051514, 1.4768967628479004, 1.7598745822906494, 2.0428524017333984, 2.3258302211761475, 2.6088080406188965, 2.8917856216430664, 3.1747634410858154, 3.4577412605285645, 3.7407190799713135, 4.0236968994140625, 4.306674480438232, 4.5896525382995605, 4.8726301193237305, 5.155608177185059, 5.4385857582092285, 5.721563816070557, 6.004541397094727, 6.287519454956055, 6.570497035980225, 6.8534746170043945, 7.136452674865723, 7.419430255889893, 7.702408313751221, 7.985385894775391, 8.268363952636719, 8.551342010498047, 8.834319114685059, 9.117297172546387]}, "L2": {"_type": "histogram", "values": [29, 10, 3, 6, 4, 2, 1, 0, 0, 0, 0, 1, 2, 1, 0, 0, 0, 0, 0, 0, 2, 1, 0, 0, 0, 0, 0, 0, 0, 1, 0, 1], "bins": [0.09861427545547485, 0.26288262009620667, 0.4271509647369385, 0.5914192795753479, 0.7556876540184021, 0.9199559688568115, 1.0842243432998657, 1.24849271774292, 1.4127609729766846, 1.5770293474197388, 1.741297721862793, 1.9055660963058472, 2.0698344707489014, 2.234102725982666, 2.3983709812164307, 2.5626394748687744, 2.726907730102539, 2.8911759853363037, 3.0554444789886475, 3.219712734222412, 3.383981227874756, 3.5482494831085205, 3.712517738342285, 3.876786231994629, 4.041054725646973, 4.205322742462158, 4.369591236114502, 4.533859729766846, 4.698127746582031, 4.862396240234375, 5.026664733886719, 5.190932750701904, 5.355201244354248]}, "L3": {"_type": "histogram", "values": [8, 9, 13, 2, 1, 5, 4, 1, 1, 3, 3, 0, 3, 1, 0, 5, 1, 0, 2, 0, 0, 0, 0, 1, 0, 0, 0, 0, 0, 0, 0, 1], "bins": [2.985599994659424, 4.425754547119141, 5.865909099578857, 7.306064128875732, 8.74621868133545, 10.186373710632324, 11.626527786254883, 13.066682815551758, 14.506836891174316, 15.946991920471191, 17.38714599609375, 18.827301025390625, 20.2674560546875, 21.707611083984375, 23.14776611328125, 24.587919235229492, 26.028074264526367, 27.468229293823242, 28.908384323120117, 30.348539352416992, 31.788692474365234, 33.22884750366211, 34.669002532958984, 36.10915756225586, 37.549312591552734, 38.98946762084961, 40.429622650146484, 41.869773864746094, 43.30992889404297, 44.750083923339844, 46.19023895263672, 47.630393981933594, 49.07054901123047]}, "L4": 0, "L5": 0, "train_Loss": 942.2257080078125}