{"W": {"_type": "histogram", "values": [4, 3, 11, 25, 45, 95, 142, 225, 287, 302, 292, 237, 211, 132, 76, 41, 31, 16, 5, 3, 6, 7, 15, 15, 19, 14, 13, 15, 9, 7, 0, 1], "bins": [-3.42901349067688, -3.0857765674591064, -2.742539405822754, -2.3993024826049805, -2.056065559387207, -1.712828516960144, -1.3695915937423706, -1.0263545513153076, -0.6831175684928894, -0.3398805856704712, 0.0033564120531082153, 0.3465934097766876, 0.6898304224014282, 1.0330673456192017, 1.3763043880462646, 1.719541311264038, 2.0627784729003906, 2.406015396118164, 2.7492523193359375, 3.092489242553711, 3.4357264041900635, 3.778963327407837, 4.1222004890441895, 4.465437412261963, 4.808674335479736, 5.15191125869751, 5.495148181915283, 5.838385105133057, 6.18162202835083, 6.524859428405762, 6.868096351623535, 7.211333274841309, 7.554570198059082]}, "xhat0": {"_type": "histogram", "values": [58, 113, 38, 33, 29, 51, 25, 21, 28, 22, 19, 17, 15, 18, 11, 7, 9, 12, 14, 13, 25, 14, 25, 17, 25, 30, 37, 31, 44, 49, 76, 98], "bins": [-0.04370509833097458, -0.041014526039361954, -0.03832395374774933, -0.035633381456136703, -0.03294280916452408, -0.030252235010266304, -0.02756166271865368, -0.024871090427041054, -0.02218051627278328, -0.019489943981170654, -0.01679937168955803, -0.014108799397945404, -0.011418227106332779, -0.00872765388339758, -0.006037081591784954, -0.0033465088345110416, -0.0006559360772371292, 0.0020346366800367832, 0.004725209437310696, 0.007415781728923321, 0.01010635495185852, 0.012796927243471146, 0.01548749953508377, 0.018178071826696396, 0.02086864411830902, 0.023559218272566795, 0.02624979056417942, 0.028940362855792046, 0.03163093701004982, 0.034321509301662445, 0.03701208159327507, 0.039702653884887695, 0.04239322617650032]}, "xhatvar": {"_type": "histogram", "values": [13, 64, 202, 158, 141, 173, 137, 62, 32, 11, 5, 8, 4, 1, 5, 0, 0, 1, 0, 0, 1, 1, 1, 0, 0, 0, 0, 0, 1, 1, 1, 1], "bins": [0.016356879845261574, 0.018854068592190742, 0.02135125920176506, 0.02384844794869423, 0.026345638558268547, 0.028842827305197716, 0.031340017914772034, 0.0338372066617012, 0.03633439540863037, 0.03883158788084984, 0.04132877662777901, 0.043825965374708176, 0.046323154121637344, 0.04882034659385681, 0.05131753534078598, 0.05381472408771515, 0.05631191283464432, 0.058809101581573486, 0.061306294053792953, 0.06380347907543182, 0.06630067527294159, 0.06879786401987076, 0.07129505276679993, 0.0737922415137291, 0.07628943026065826, 0.07878661900758743, 0.0812838077545166, 0.08378099650144577, 0.08627819269895554, 0.0887753814458847, 0.09127257019281387, 0.09376975893974304, 0.09626694768667221]}, "_timestamp": 1708440690.097225, "_runtime": 1716.191223859787, "_step": 10649, "L1": {"_type": "histogram", "values": [16, 9, 5, 7, 3, 2, 1, 3, 1, 3, 2, 2, 0, 0, 1, 0, 0, 1, 2, 0, 1, 1, 1, 0, 0, 0, 0, 1, 0, 0, 1, 1], "bins": [0.01864718459546566, 0.1595449447631836, 0.30044272541999817, 0.44134047627449036, 0.5822382569313049, 0.7231360077857971, 0.8640337586402893, 1.0049315690994263, 1.1458293199539185, 1.2867270708084106, 1.4276248216629028, 1.568522572517395, 1.7094203233718872, 1.850318193435669, 1.9912159442901611, 2.1321136951446533, 2.2730114459991455, 2.4139091968536377, 2.55480694770813, 2.695704698562622, 2.8366024494171143, 2.9775002002716064, 3.1183979511260986, 3.259295701980591, 3.400193452835083, 3.5410914421081543, 3.6819891929626465, 3.8228869438171387, 3.963784694671631, 4.104682445526123, 4.245580196380615, 4.386477947235107, 4.5273756980896]}, "L2": {"_type": "histogram", "values": [17, 18, 8, 3, 3, 2, 2, 2, 0, 2, 2, 1, 0, 1, 0, 0, 0, 0, 0, 0, 0, 1, 0, 0, 0, 0, 0, 0, 1, 0, 0, 1], "bins": [0.12716948986053467, 0.3339148759841919, 0.5406602621078491, 0.7474056482315063, 0.9541510343551636, 1.1608964204788208, 1.367641806602478, 1.5743871927261353, 1.7811325788497925, 1.9878779649734497, 2.1946234703063965, 2.4013688564300537, 2.608114242553711, 2.814859628677368, 3.0216050148010254, 3.2283504009246826, 3.43509578704834, 3.641841173171997, 3.8485865592956543, 4.055331707000732, 4.262077331542969, 4.468822479248047, 4.675568103790283, 4.882313251495361, 5.089058876037598, 5.295804023742676, 5.502549648284912, 5.70929479598999, 5.916040420532227, 6.122785568237305, 6.329531192779541, 6.536276340484619, 6.7430219650268555]}, "L3": {"_type": "histogram", "values": [5, 12, 7, 3, 2, 4, 1, 2, 5, 4, 2, 3, 1, 2, 1, 3, 2, 1, 1, 0, 2, 0, 0, 0, 0, 0, 0, 0, 0, 0, 0, 1], "bins": [2.270958185195923, 3.4812536239624023, 4.691548824310303, 5.901844501495361, 7.112139701843262, 8.32243537902832, 9.532731056213379, 10.743025779724121, 11.95332145690918, 13.163617134094238, 14.373912811279297, 15.584207534790039, 16.794504165649414, 18.004798889160156, 19.2150936126709, 20.425390243530273, 21.635684967041016, 22.845979690551758, 24.056276321411133, 25.266571044921875, 26.47686767578125, 27.687162399291992, 28.897457122802734, 30.10775375366211, 31.31804847717285, 32.528343200683594, 33.73863983154297, 34.948936462402344, 36.15922927856445, 37.36952590942383, 38.5798225402832, 39.79011535644531, 41.00041198730469]}, "L4": 0, "L5": 0, "train_Loss": 844.3240356445312}