{"W": {"_type": "histogram", "values": [4, 3, 5, 16, 48, 103, 153, 202, 288, 345, 329, 244, 174, 136, 64, 45, 14, 11, 8, 12, 10, 20, 18, 13, 13, 8, 4, 2, 5, 4, 1, 2], "bins": [-3.7515339851379395, -3.367790460586548, -2.984046697616577, -2.6003031730651855, -2.216559410095215, -1.8328158855438232, -1.449072241783142, -1.065328598022461, -0.6815849542617798, -0.29784131050109863, 0.08590230345726013, 0.4696459174156189, 0.8533895611763, 1.2371331453323364, 1.6208767890930176, 2.0046205520629883, 2.38836407661438, 2.7721076011657715, 3.155851364135742, 3.539594888687134, 3.9233386516571045, 4.307082176208496, 4.690825939178467, 5.0745697021484375, 5.45831298828125, 5.842056751251221, 6.225800514221191, 6.609543800354004, 6.993287563323975, 7.377031326293945, 7.760775089263916, 8.144518852233887, 8.5282621383667]}, "xhat0": {"_type": "histogram", "values": [20, 17, 29, 52, 71, 86, 36, 39, 50, 24, 28, 20, 16, 21, 4, 8, 19, 4, 6, 15, 11, 15, 35, 30, 48, 67, 52, 102, 35, 29, 14, 21], "bins": [-0.04941961541771889, -0.046310875564813614, -0.04320213571190834, -0.04009339585900307, -0.036984656006097794, -0.03387591615319252, -0.030767178162932396, -0.027658438310027122, -0.024549700319767, -0.021440960466861725, -0.01833222061395645, -0.015223480761051178, -0.012114740908145905, -0.009006001986563206, -0.005897262133657932, -0.002788522746413946, 0.00032021664083004, 0.003428956028074026, 0.006537695415318012, 0.009646435268223286, 0.012755174189805984, 0.015863914042711258, 0.01897265389561653, 0.022081393748521805, 0.025190133601427078, 0.028298871591687202, 0.031407613307237625, 0.0345163494348526, 0.037625089287757874, 0.04073382914066315, 0.04384256899356842, 0.046951308846473694, 0.05006004869937897]}, "xhatvar": {"_type": "histogram", "values": [19, 39, 20, 64, 113, 112, 216, 178, 76, 44, 42, 42, 25, 20, 2, 1, 1, 1, 0, 1, 0, 0, 0, 1, 2, 0, 0, 1, 1, 2, 0, 1], "bins": [0.003649276914075017, 0.006615545600652695, 0.009581813588738441, 0.012548082508146763, 0.015514351427555084, 0.01848061941564083, 0.021446887403726578, 0.024413157254457474, 0.02737942524254322, 0.030345693230628967, 0.03331196308135986, 0.03627822920680046, 0.03924449905753136, 0.04221076890826225, 0.04517703503370285, 0.048143304884433746, 0.05110957473516464, 0.05407584086060524, 0.057042110711336136, 0.06000838056206703, 0.06297464668750763, 0.06594091653823853, 0.06890718638896942, 0.07187345623970032, 0.07483971863985062, 0.07780598849058151, 0.08077225834131241, 0.0837385281920433, 0.0867047980427742, 0.0896710678935051, 0.0926373302936554, 0.09560360014438629, 0.09856986999511719]}, "_timestamp": 1708438732.704665, "_runtime": 68.56274795532227, "_step": 355, "L1": {"_type": "histogram", "values": [13, 2, 6, 2, 1, 4, 3, 4, 5, 1, 4, 2, 1, 2, 1, 1, 1, 4, 1, 0, 0, 0, 1, 1, 0, 0, 0, 0, 0, 0, 1, 3], "bins": [0.08949209749698639, 0.5031130909919739, 0.9167340397834778, 1.3303550481796265, 1.7439759969711304, 2.157597064971924, 2.5712180137634277, 2.9848389625549316, 3.3984599113464355, 3.8120808601379395, 4.225701808929443, 4.639322757720947, 5.052943706512451, 5.466564655303955, 5.880185604095459, 6.293806552886963, 6.707427501678467, 7.121048450469971, 7.534669399261475, 7.9482903480529785, 8.36191177368164, 8.775532722473145, 9.189153671264648, 9.602774620056152, 10.016395568847656, 10.43001651763916, 10.843637466430664, 11.257258415222168, 11.670879364013672, 12.084500312805176, 12.49812126159668, 12.911742210388184, 13.325363159179688]}, "L2": {"_type": "histogram", "values": [14, 12, 16, 7, 7, 1, 1, 1, 1, 0, 2, 1, 0, 0, 0, 0, 0, 0, 0, 0, 0, 0, 0, 0, 0, 0, 0, 0, 0, 0, 0, 1], "bins": [0.13982820510864258, 0.44165176153182983, 0.7434753179550171, 1.0452988147735596, 1.3471224308013916, 1.648945927619934, 1.9507694244384766, 2.2525930404663086, 2.5544166564941406, 2.8562400341033936, 3.1580636501312256, 3.4598872661590576, 3.7617106437683105, 4.063534259796143, 4.365357875823975, 4.667181491851807, 4.9690046310424805, 5.2708282470703125, 5.5726518630981445, 5.874475479125977, 6.176299095153809, 6.478122711181641, 6.779946327209473, 7.0817694664001465, 7.3835930824279785, 7.6854166984558105, 7.987240314483643, 8.289063453674316, 8.590887069702148, 8.89271068572998, 9.194534301757812, 9.496357917785645, 9.798181533813477]}, "L3": {"_type": "histogram", "values": [3, 4, 1, 4, 2, 5, 1, 2, 0, 3, 1, 2, 1, 3, 3, 0, 1, 1, 1, 2, 1, 4, 5, 3, 1, 0, 3, 1, 3, 0, 0, 3], "bins": [4.268625259399414, 5.325221061706543, 6.38181734085083, 7.438413143157959, 8.495009422302246, 9.551605224609375, 10.608201026916504, 11.664796829223633, 12.721393585205078, 13.777989387512207, 14.834585189819336, 15.891180992126465, 16.947776794433594, 18.00437355041504, 19.06096839904785, 20.117565155029297, 21.17416000366211, 22.230756759643555, 23.287353515625, 24.343948364257812, 25.400545120239258, 26.45713996887207, 27.513736724853516, 28.57033348083496, 29.626928329467773, 30.68352508544922, 31.74011993408203, 32.79671859741211, 33.85331344604492, 34.909908294677734, 35.96650314331055, 37.023101806640625, 38.07969665527344]}, "train_Loss": 1569.186767578125}