{"W": {"_type": "histogram", "values": [5, 4, 17, 38, 49, 113, 187, 223, 299, 314, 277, 213, 190, 122, 65, 35, 18, 8, 6, 12, 10, 13, 18, 13, 15, 15, 12, 3, 6, 1, 0, 3], "bins": [-3.395360231399536, -3.0406582355499268, -2.6859562397003174, -2.331254243850708, -1.9765522480010986, -1.6218502521514893, -1.2671482563018799, -0.9124462008476257, -0.5577442049980164, -0.20304220914840698, 0.1516598016023636, 0.5063617825508118, 0.8610638380050659, 1.2157658338546753, 1.5704678297042847, 1.925169825553894, 2.279871940612793, 2.6345739364624023, 2.9892759323120117, 3.343977928161621, 3.6986799240112305, 4.05338191986084, 4.408083915710449, 4.762785911560059, 5.117487907409668, 5.472189903259277, 5.826891899108887, 6.181593894958496, 6.5362958908081055, 6.890997886657715, 7.245699882507324, 7.600401878356934, 7.955103874206543]}, "xhat0": {"_type": "histogram", "values": [68, 50, 34, 25, 33, 40, 40, 55, 35, 22, 31, 21, 19, 18, 25, 25, 21, 22, 21, 16, 20, 30, 33, 40, 23, 34, 40, 42, 60, 34, 22, 25], "bins": [-0.047358039766550064, -0.04425283148884773, -0.0411476232111454, -0.03804241120815277, -0.03493720293045044, -0.03183199465274811, -0.028726786375045776, -0.025621576234698296, -0.022516367956995964, -0.019411159679293633, -0.01630594953894615, -0.01320074126124382, -0.010095532052218914, -0.006990322843194008, -0.003885114099830389, -0.0007799051236361265, 0.002325303852558136, 0.005430513061583042, 0.008535722270607948, 0.01164093054831028, 0.014746139757335186, 0.017851348966360092, 0.020956557244062424, 0.024061767384409904, 0.027166975662112236, 0.030272183939814568, 0.03337739408016205, 0.03648260235786438, 0.03958781063556671, 0.04269301891326904, 0.04579823091626167, 0.048903439193964005, 0.052008647471666336]}, "xhatvar": {"_type": "histogram", "values": [39, 122, 212, 210, 139, 140, 98, 29, 15, 7, 1, 1, 2, 0, 1, 0, 0, 0, 0, 0, 1, 1, 0, 1, 0, 0, 1, 0, 0, 2, 1, 1], "bins": [0.01578318513929844, 0.018586959689855576, 0.021390734240412712, 0.024194510653614998, 0.026998285204172134, 0.02980205975472927, 0.03260583430528641, 0.03540961071848869, 0.03821338340640068, 0.041017159819602966, 0.04382093623280525, 0.04662470892071724, 0.049428485333919525, 0.05223225802183151, 0.0550360344350338, 0.057839810848236084, 0.06064358353614807, 0.06344735622406006, 0.06625113636255264, 0.06905490905046463, 0.07185868173837662, 0.0746624618768692, 0.07746623456478119, 0.08027000725269318, 0.08307378739118576, 0.08587756007909775, 0.08868133276700974, 0.09148510545492172, 0.0942888855934143, 0.0970926582813263, 0.09989643096923828, 0.10270021110773087, 0.10550398379564285]}, "_timestamp": 1708438959.5829656, "_runtime": 295.44104862213135, "_step": 1670, "L1": {"_type": "histogram", "values": [29, 6, 2, 2, 3, 3, 1, 5, 2, 0, 1, 2, 1, 1, 0, 0, 1, 0, 1, 0, 1, 1, 0, 0, 0, 0, 0, 0, 0, 0, 1, 1], "bins": [0.02316918969154358, 0.4077465534210205, 0.7923239469528198, 1.1769013404846191, 1.5614787340164185, 1.9460560083389282, 2.3306334018707275, 2.7152109146118164, 3.099788188934326, 3.484365463256836, 3.868942975997925, 4.253520488739014, 4.638097763061523, 5.022675037384033, 5.407252311706543, 5.791829586029053, 6.176407337188721, 6.5609846115112305, 6.94556188583374, 7.33013916015625, 7.71471643447876, 8.09929370880127, 8.483871459960938, 8.868449211120605, 9.253026008605957, 9.637603759765625, 10.022180557250977, 10.406758308410645, 10.791336059570312, 11.175912857055664, 11.560490608215332, 11.945067405700684, 12.329645156860352]}, "L2": {"_type": "histogram", "values": [42, 5, 7, 5, 0, 1, 0, 1, 0, 0, 0, 1, 0, 0, 0, 0, 0, 0, 0, 0, 0, 0, 0, 0, 0, 0, 0, 0, 0, 1, 0, 1], "bins": [0.10158151388168335, 0.43462932109832764, 0.7676771283149719, 1.1007249355316162, 1.4337728023529053, 1.7668205499649048, 2.0998682975769043, 2.4329161643981934, 2.7659640312194824, 3.0990118980407715, 3.4320595264434814, 3.7651073932647705, 4.0981550216674805, 4.4312028884887695, 4.764250755310059, 5.097298622131348, 5.430346488952637, 5.763394355773926, 6.096442222595215, 6.429490089416504, 6.762537479400635, 7.095585346221924, 7.428633213043213, 7.761681079864502, 8.094728469848633, 8.427776336669922, 8.760824203491211, 9.0938720703125, 9.426919937133789, 9.759967803955078, 10.093015670776367, 10.426063537597656, 10.759111404418945]}, "L3": {"_type": "histogram", "values": [9, 6, 7, 1, 1, 2, 2, 4, 3, 1, 4, 1, 1, 3, 3, 3, 1, 1, 0, 1, 1, 6, 0, 0, 1, 0, 0, 0, 0, 1, 0, 1], "bins": [4.042823791503906, 5.116185188293457, 6.189547061920166, 7.262908935546875, 8.336270332336426, 9.409631729125977, 10.482994079589844, 11.556355476379395, 12.629716873168945, 13.703078269958496, 14.776439666748047, 15.849802017211914, 16.92316436767578, 17.996524810791016, 19.069887161254883, 20.143247604370117, 21.216609954833984, 22.28997230529785, 23.363332748413086, 24.436695098876953, 25.510055541992188, 26.583417892456055, 27.656780242919922, 28.730140686035156, 29.803503036499023, 30.87686538696289, 31.950225830078125, 33.02358627319336, 34.09695053100586, 35.170310974121094, 36.24367141723633, 37.31703567504883, 38.39039611816406]}, "train_Loss": 1096.009521484375}